{"train_loss": 0.06333942711353302, "_timestamp": 1709039081.254646, "_runtime": 280.4724950790405, "_step": 8927, "valid_loss": 0.0, "_wandb": {"runtime": 278}}